timestamp,request_rate,php_cpu_cores,replicas,p95_latency_seconds,php_memory_mb,rps_lag1,rps_lag2,cpu_lag1,cpu_lag2,rps_roll_mean_30s,rps_roll_mean_60s,rps_roll_std_60s,rps_delta,cpu_delta,hour,minute,target_rps_60s
2026-09-28 09:42:31.809999943+00:00,0.0,0.0017404617807134,1.0,,41.2,,,,,0.0,0.0,,,,9,42,0.0
2026-09-28 09:42:46.809999943+00:00,0.0,0.0015066892906011,1.0,,41.45,0.0,,0.0017404617807134,,0.0,0.0,0.0,0.0,-0.0002,9,42,0.8442943476715251
2026-09-28 09:43:01.809999943+00:00,0.0,0.001094803718459,1.0,,41.45,0.0,0.0,0.0015066892906011,0.0017404617807134,0.0,0.0,0.0,0.0,-0.0004,9,43,1.844567415605485
2026-09-28 09:43:16.809999943+00:00,0.0,0.0014868202262526,1.0,,41.45,0.0,0.0,0.001094803718459,0.0015066892906011,0.0,0.0,0.0,0.0,0.0004,9,43,2.844254827455948
2026-09-28 09:43:31.809999943+00:00,0.0,0.0018125420001332,1.0,,41.2,0.0,0.0,0.0014868202262526,0.001094803718459,0.0,0.0,0.0,0.0,0.0003,9,43,3.000533428165007
2026-09-28 09:43:46.809999943+00:00,0.8442943476715251,0.0208394112478113,1.0,0.0447222222222222,41.46,0.0,0.0,0.0018125420001332,0.0014868202262526,0.4221,0.2111,0.4221,0.8443,0.019,9,43,2.9994667614646287
2026-09-28 09:44:01.809999943+00:00,1.844567415605485,0.0295265050185189,1.0,0.043515625,41.51,0.8442943476715251,0.0,0.0208394112478113,0.0018125420001332,1.3444,0.6722,0.8771,1.0003,0.0087,9,44,3.0002000133342226
2026-09-28 09:44:16.809999943+00:00,2.844254827455948,0.0484790181480675,1.0,0.0475714285714285,41.44,1.844567415605485,0.8442943476715251,0.0295265050185189,0.0208394112478113,2.3444,1.3833,1.2317,0.9997,0.019,9,44,2.9992668458821177
2026-09-28 09:44:31.809999943+00:00,3.000533428165007,0.0527111275512403,1.0,0.0473214285714285,41.49,2.844254827455948,1.844567415605485,0.0484790181480675,0.0295265050185189,2.9224,2.1334,1.0004,0.1563,0.0042,9,44,3.000533428165007
2026-09-28 09:44:46.809999943+00:00,2.9994667614646287,0.0526215226337428,1.0,0.0478197674418604,41.27,3.000533428165007,2.844254827455948,0.0527111275512403,0.0484790181480675,3.0,2.6722,0.5566,-0.0011,-0.0001,9,44,3.221363192037679
2026-09-28 09:45:01.809999943+00:00,3.0002000133342226,0.0474144622093022,1.0,0.0451785714285714,41.48,2.9994667614646287,3.000533428165007,0.0526215226337428,0.0527111275512403,2.9998,2.9611,0.0779,0.0007,-0.0052,9,45,4.04543332814688
2026-09-28 09:45:16.809999943+00:00,2.9992668458821177,0.0525250354609957,1.0,0.0490277777777777,41.25,3.0002000133342226,2.9994667614646287,0.0474144622093022,0.0526215226337428,2.9997,2.9999,0.0006,-0.0009,0.0051,9,45,5.487791330622764
2026-09-28 09:45:31.809999943+00:00,3.000533428165007,0.052342882882883,1.0,0.0490489130434782,41.28,2.9992668458821177,3.0002000133342226,0.0525250354609957,0.0474144622093022,2.9999,2.9999,0.0006,0.0013,-0.0002,9,45,7.313061260780653
2026-09-28 09:45:46.809999943+00:00,3.221363192037679,0.0558881741603752,1.0,0.0487499999999999,41.29,3.000533428165007,2.9992668458821177,0.052342882882883,0.0525250354609957,3.1109,3.0553,0.1107,0.2208,0.0035,9,45,9.153318077803204
2026-09-28 09:46:01.809999943+00:00,4.04543332814688,0.0679052853041737,1.0,0.0447093023255813,41.51,3.221363192037679,3.000533428165007,0.0558881741603752,0.052342882882883,3.6334,3.3166,0.4969,0.8241,0.012,9,46,10.979973772532285
2026-09-28 09:46:16.809999943+00:00,5.487791330622764,0.1015571431604383,1.0,0.0488480392156862,41.42,4.04543332814688,3.221363192037679,0.0679052853041737,0.0558881741603752,4.7666,3.9388,1.1263,1.4424,0.0337,9,46,12.596640895761132
2026-09-28 09:46:31.809999943+00:00,7.313061260780653,0.1249134896119817,1.0,0.04785,47.41,5.487791330622764,4.04543332814688,0.1015571431604383,0.0679052853041737,6.4004,5.0169,1.7946,1.8253,0.0234,9,46,13.603325257285114
2026-09-28 09:46:46.809999943+00:00,9.153318077803204,0.1846806083744131,1.0,0.0475,91.21,7.313061260780653,5.487791330622764,0.1249134896119817,0.1015571431604383,8.2332,6.4999,2.2174,1.8403,0.0598,9,46,13.99657861411655
2026-09-28 09:47:01.809999943+00:00,10.979973772532285,0.2326029610701999,2.0,0.0450992063492063,91.04,9.153318077803204,7.313061260780653,0.1846806083744131,0.1249134896119817,10.0666,8.2335,2.3647,1.8267,0.0479,9,47,14.003734329154442
2026-09-28 09:47:16.809999943+00:00,12.596640895761132,0.2430828329249028,2.0,0.0460470779220779,89.45,10.979973772532285,9.153318077803204,0.2326029610701999,0.1846806083744131,11.7883,10.0107,2.2832,1.6167,0.0105,9,47,13.99657861411655
2026-09-28 09:47:31.809999943+00:00,13.603325257285114,0.2166015573521546,2.0,0.0449236641221374,94.4,12.596640895761132,10.979973772532285,0.2430828329249028,0.2326029610701999,13.1,11.5833,1.9473,1.0067,-0.0265,9,47,14.003423058969972
2026-09-28 09:47:46.809999943+00:00,13.99657861411655,0.246547867680773,2.0,0.0457116788321167,136.31,13.603325257285114,12.596640895761132,0.2166015573521546,0.2430828329249028,13.8,12.7941,1.3455,0.3933,0.0299,9,47,13.99657861411655
2026-09-28 09:48:01.809999943+00:00,14.003734329154442,0.2650215876888089,3.0,0.0424450549450549,136.57,13.99657861411655,13.603325257285114,0.246547867680773,0.2166015573521546,14.0002,13.5501,0.6626,0.0072,0.0185,9,48,14.003423058969972
2026-09-28 09:48:16.809999943+00:00,13.99657861411655,0.2409748277499429,3.0,0.0473130841121495,134.87,14.003734329154442,13.99657861411655,0.2650215876888089,0.246547867680773,14.0002,13.9001,0.1978,-0.0072,-0.024,9,48,13.33007487058719
2026-09-28 09:48:31.809999943+00:00,14.003423058969972,0.2228791512116703,3.0,0.0460597826086956,134.83,13.99657861411655,14.003734329154442,0.2409748277499429,0.2650215876888089,14.0,14.0001,0.004,0.0068,-0.0181,9,48,10.847095956789438
2026-09-28 09:48:46.809999943+00:00,13.99657861411655,0.2329066188956911,3.0,0.0472107438016528,135.22,14.003423058969972,13.99657861411655,0.2228791512116703,0.2409748277499429,14.0,14.0001,0.004,-0.0068,0.01,9,48,7.19968001422159
2026-09-28 09:49:01.809999943+00:00,14.003423058969972,0.1993257496377533,3.0,0.0450503355704698,135.21,13.99657861411655,14.003423058969972,0.2329066188956911,0.2228791512116703,14.0,14.0,0.004,0.0068,-0.0336,9,49,4.201026917690991
2026-09-28 09:49:16.809999943+00:00,13.33007487058719,0.2227519899105282,3.0,0.0488165680473372,142.77,14.003423058969972,13.99657861411655,0.1993257496377533,0.2329066188956911,13.6667,13.8334,0.3355,-0.6733,0.0234,9,49,3.0214836373330964
2026-09-28 09:49:31.809999943+00:00,10.847095956789438,0.1504334712349384,3.0,0.0496129032258064,142.57,13.33007487058719,14.003423058969972,0.2227519899105282,0.1993257496377533,12.0886,13.0443,1.4985,-2.483,-0.0723,9,49,3.000133339259522
2026-09-28 09:49:46.809999943+00:00,7.19968001422159,0.1012212400352267,3.0,0.0670588235294117,143.05,10.847095956789438,13.33007487058719,0.1504334712349384,0.2227519899105282,9.0234,11.3451,3.0789,-3.6474,-0.0492,9,49,3.221363192037679
2026-09-28 09:50:01.809999943+00:00,4.201026917690991,0.0681794097287407,3.0,0.0468933823529411,142.54,7.19968001422159,10.847095956789438,0.1012212400352267,0.1504334712349384,5.7004,8.8945,4.0161,-2.9987,-0.033,9,50,4.04543332814688
2026-09-28 09:50:16.809999943+00:00,3.0214836373330964,0.056337010069983,3.0,0.0492241379310344,142.51,4.201026917690991,7.19968001422159,0.0681794097287407,0.1012212400352267,3.6113,6.3173,3.4947,-1.1795,-0.0118,9,50,5.487913259864913
2026-09-28 09:50:31.809999943+00:00,3.000133339259522,0.0562227985852226,3.0,0.0493566176470588,142.77,3.0214836373330964,4.201026917690991,0.056337010069983,0.0681794097287407,3.0108,4.3556,1.9774,-0.0214,-0.0001,9,50,7.313061260780653
2026-09-28 09:50:46.809999943+00:00,3.221363192037679,0.0638640095475374,3.0,0.0491477272727272,142.69,3.000133339259522,3.0214836373330964,0.0562227985852226,0.056337010069983,3.1107,3.361,0.5688,0.2212,0.0076,9,50,9.154741800728823
2026-09-28 09:51:01.809999943+00:00,4.04543332814688,0.0746820446588959,3.0,0.0461440677966101,143.23,3.221363192037679,3.000133339259522,0.0638640095475374,0.0562227985852226,3.6334,3.3221,0.4924,0.8241,0.0108,9,51,10.97972972972973
2026-09-28 09:51:16.809999943+00:00,5.487913259864913,0.1068139707942093,3.0,0.04595703125,93.91,4.04543332814688,3.221363192037679,0.0746820446588959,0.0638640095475374,4.7667,3.9387,1.1265,1.4425,0.0321,9,51,12.599440024887782
2026-09-28 09:51:31.809999943+00:00,7.313061260780653,0.1400790008291388,2.0,0.0431839622641509,94.11,5.487913259864913,4.04543332814688,0.1068139707942093,0.0746820446588959,6.4005,5.0169,1.7946,1.8251,0.0333,9,51,13.601208996355233
2026-09-28 09:51:46.809999943+00:00,9.154741800728823,0.1119957499285293,2.0,0.0413888888888888,94.09,7.313061260780653,5.487913259864913,0.1400790008291388,0.1068139707942093,8.2339,6.5003,2.218,1.8417,-0.0281,9,51,13.999066728884742
2026-09-28 09:52:01.809999943+00:00,10.97972972972973,0.1831695033570254,2.0,0.0376499999999999,94.3,9.154741800728823,7.313061260780653,0.1119957499285293,0.1400790008291388,10.0672,8.2339,2.3647,1.825,0.0712,9,52,14.000622249877772
2026-09-28 09:52:16.809999943+00:00,12.599440024887782,0.197861804785187,2.0,0.0481688596491228,94.33,10.97972972972973,9.154741800728823,0.1831695033570254,0.1119957499285293,11.7896,10.0117,2.284,1.6197,0.0147,9,52,13.99813358218904
2026-09-28 09:52:31.809999943+00:00,13.601208996355233,0.1946649090101569,2.0,0.0483939393939393,94.0,12.599440024887782,10.97972972972973,0.197861804785187,0.1831695033570254,13.1003,11.5838,1.9465,1.0018,-0.0032,9,52,14.000933395559706
2026-09-28 09:52:46.809999943+00:00,13.999066728884742,0.238765582533236,2.0,0.0485837438423645,93.85,13.601208996355233,12.599440024887782,0.1946649090101569,0.197861804785187,13.8001,12.7949,1.3458,0.3979,0.0441,9,52,13.997822560934964
2026-09-28 09:53:01.809999943+00:00,14.000622249877772,0.222501750333086,2.0,0.0458769633507853,93.82,13.999066728884742,13.601208996355233,0.238765582533236,0.1946649090101569,13.9998,13.5501,0.661,0.0016,-0.0163,9,53,14.001866915588748
2026-09-28 09:53:16.809999943+00:00,13.99813358218904,0.2115269387538111,2.0,0.0464375,94.05,14.000622249877772,13.999066728884742,0.222501750333086,0.238765582533236,13.9994,13.8998,0.199,-0.0025,-0.011,9,53,13.331852016442616
2026-09-28 09:53:31.809999943+00:00,14.000933395559706,0.2324775794122112,2.0,0.0457335329341317,96.39,13.99813358218904,14.000622249877772,0.2115269387538111,0.222501750333086,13.9995,13.9997,0.0013,0.0028,0.021,9,53,10.846131620474296
2026-09-28 09:53:46.809999943+00:00,13.997822560934964,0.2015425394087084,2.0,0.0454326923076923,96.38,14.000933395559706,13.99813358218904,0.2324775794122112,0.2115269387538111,13.9994,13.9994,0.0016,-0.0031,-0.0309,9,53,7.199520031997867
2026-09-28 09:54:01.809999943+00:00,14.001866915588748,0.2127249552711099,2.0,0.04375,95.95,13.997822560934964,14.000933395559706,0.2015425394087084,0.2324775794122112,13.9998,13.9997,0.002,0.004,0.0112,9,54,4.2004667185242806
2026-09-28 09:54:16.809999943+00:00,13.331852016442616,0.2073228799260384,2.0,0.0470982142857142,96.31,14.001866915588748,13.997822560934964,0.2127249552711099,0.2015425394087084,13.6669,13.8331,0.3342,-0.67,-0.0054,9,54,3.022087907204124
2026-09-28 09:54:31.809999943+00:00,10.846131620474296,0.1529712943163025,2.0,0.0475974025974026,96.54,13.331852016442616,14.001866915588748,0.2073228799260384,0.2127249552711099,12.089,13.0444,1.499,-2.4857,-0.0544,9,54,3.0002000133342226
2026-09-28 09:54:46.809999943+00:00,7.199520031997867,0.085040022314852,2.0,0.0499019607843137,96.18,10.846131620474296,13.331852016442616,0.1529712943163025,0.2073228799260384,9.0228,11.3448,3.079,-3.6466,-0.0679,9,54,2.1331437205581723
2026-09-28 09:55:01.809999943+00:00,4.2004667185242806,0.0621184892962956,2.0,0.0445058139534883,96.58,7.199520031997867,10.846131620474296,0.085040022314852,0.1529712943163025,5.7,8.8945,4.0169,-2.9991,-0.0229,9,55,1.1333837059424865
2026-09-28 09:55:16.809999943+00:00,3.022087907204124,0.0504915352713961,2.0,0.0475510204081632,96.57,4.2004667185242806,7.199520031997867,0.0621184892962956,0.085040022314852,3.6113,6.3171,3.4942,-1.1784,-0.0116,9,55,0.1333274076707701
2026-09-28 09:55:31.809999943+00:00,3.0002000133342226,0.0442407757167875,2.0,0.0481150793650793,96.54,3.022087907204124,4.2004667185242806,0.0504915352713961,0.0621184892962956,3.0111,4.3556,1.9771,-0.0219,-0.0063,9,55,0.0
2026-09-28 09:55:46.809999943+00:00,2.1331437205581723,0.0319254054520815,2.0,0.0486274509803921,96.03,3.0002000133342226,3.022087907204124,0.0442407757167875,0.0504915352713961,2.5667,3.089,0.8488,-0.8671,-0.0123,9,55,0.0
2026-09-28 09:56:01.809999943+00:00,1.1333837059424865,0.0165550478042138,2.0,0.048125,96.35,2.1331437205581723,3.0002000133342226,0.0319254054520815,0.0442407757167875,1.6333,2.3222,0.8942,-0.9998,-0.0154,9,56,0.0
2026-09-28 09:56:16.809999943+00:00,0.1333274076707701,0.0032534539574124,2.0,0.0485,96.34,1.1333837059424865,2.1331437205581723,0.0165550478042138,0.0319254054520815,0.6334,1.6,1.2401,-1.0001,-0.0133,9,56,0.0
2026-09-28 09:56:31.809999943+00:00,0.0,0.0033661960918735,2.0,0.0485,96.34,0.1333274076707701,1.1333837059424865,0.0032534539574124,0.0165550478042138,0.0667,0.85,0.9938,-0.1333,0.0001,9,56,0.9778212364994
2026-09-28 09:56:46.809999943+00:00,0.0,0.0029247919233998,2.0,0.0485,96.34,0.0,0.1333274076707701,0.0033661960918735,0.0032534539574124,0.0,0.3167,0.5481,0.0,-0.0004,9,56,1.9772944391371
2026-09-28 09:57:01.809999943+00:00,0.0,0.0023940715344683,1.0,0.0485,41.5,0.0,0.0,0.0029247919233998,0.0033661960918735,0.0,0.0333,0.0667,0.0,-0.0005,9,57,2.978373452468272
2026-09-28 09:57:16.809999943+00:00,0.0,0.0041183114411429,1.0,0.0485,41.25,0.0,0.0,0.0023940715344683,0.0029247919233998,0.0,0.0,0.0,0.0,0.0017,9,57,2.999600053326223
2026-09-28 09:57:31.809999943+00:00,0.9778212364994,0.02001954833171,1.0,0.0438888888888888,41.35,0.0,0.0,0.0041183114411429,0.0023940715344683,0.4889,0.2445,0.4889,0.9778,0.0159,9,57,3.089644135233057
2026-09-28 09:57:46.809999943+00:00,1.9772944391371,0.0363055781806402,1.0,0.0460267857142857,41.4,0.9778212364994,0.0,0.02001954833171,0.0041183114411429,1.4776,0.7388,0.9456,0.9995,0.0163,9,57,3.399697804639587
2026-09-28 09:58:01.809999943+00:00,2.978373452468272,0.0490737494972643,1.0,0.0454729729729729,41.38,1.9772944391371,0.9778212364994,0.0363055781806402,0.02001954833171,2.4778,1.4834,1.2826,1.0011,0.0128,9,58,3.911632662132729
2026-09-28 09:58:16.809999943+00:00,2.999600053326223,0.0519455387310714,1.0,0.0483630952380952,41.38,2.978373452468272,1.9772944391371,0.0490737494972643,0.0363055781806402,2.989,2.2333,0.9633,0.0212,0.0029,9,58,4.554948229125006
2026-09-28 09:58:31.809999943+00:00,3.089644135233057,0.0520839736422637,1.0,0.0478308823529411,41.37,2.999600053326223,2.978373452468272,0.0519455387310714,0.0490737494972643,3.0446,2.7612,0.5248,0.09,0.0001,9,58,5.178238065605831
2026-09-28 09:58:46.809999943+00:00,3.399697804639587,0.0594625440865251,1.0,0.0482107843137254,41.36,3.089644135233057,2.999600053326223,0.0520839736422637,0.0519455387310714,3.2447,3.1168,0.1947,0.3101,0.0074,9,58,5.798453745667822
2026-09-28 09:59:01.809999943+00:00,3.911632662132729,0.0656784622020016,1.0,0.0455999999999999,41.3,3.399697804639587,3.089644135233057,0.0594625440865251,0.0520839736422637,3.6557,3.3501,0.4117,0.5119,0.0062,9,59,6.423078632706583
2026-09-28 09:59:16.809999943+00:00,4.554948229125006,0.0791765940697934,1.0,0.04875,41.5,3.911632662132729,3.399697804639587,0.0656784622020016,0.0594625440865251,4.2333,3.739,0.6409,0.6433,0.0135,9,59,7.043035837276989
2026-09-28 09:59:31.809999943+00:00,5.178238065605831,0.0885334277235793,1.0,0.0478863636363636,41.48,4.554948229125006,3.911632662132729,0.0791765940697934,0.0656784622020016,4.8666,4.2611,0.7728,0.6233,0.0094,9,59,7.690939806170535
2026-09-28 09:59:46.809999943+00:00,5.798453745667822,0.100371039554765,1.0,0.0475604838709677,41.46,5.178238065605831,4.554948229125006,0.0885334277235793,0.0791765940697934,5.4883,4.8608,0.8113,0.6202,0.0118,9,59,8.37573037701895
2026-09-28 10:00:01.809999943+00:00,6.423078632706583,0.1031210661633191,1.0,0.044265873015873,41.46,5.798453745667822,5.178238065605831,0.100371039554765,0.0885334277235793,6.1108,5.4887,0.8036,0.6246,0.0028,10,0,9.112933697850682
2026-09-28 10:00:16.809999943+00:00,7.043035837276989,0.1362427558039562,1.0,0.0813461538461537,43.76,6.423078632706583,5.798453745667822,0.1031210661633191,0.100371039554765,6.7331,6.1107,0.8029,0.62,0.0331,10,0,9.864036256998135
2026-09-28 10:00:31.809999943+00:00,7.690939806170535,0.1585285691219135,2.0,0.0757692307692306,76.24,7.043035837276989,6.423078632706583,0.1362427558039562,0.1031210661633191,7.367,6.7389,0.813,0.6479,0.0223,10,0,10.602591744648691
2026-09-28 10:00:46.809999943+00:00,8.37573037701895,0.1755956521286524,2.0,0.069807692307692,74.34,7.690939806170535,7.043035837276989,0.1585285691219135,0.1362427558039562,8.0333,7.3832,0.8401,0.6848,0.0171,10,0,11.354041683331111
2026-09-28 10:01:01.809999943+00:00,9.112933697850682,0.1813937261480084,2.0,0.0458999999999999,74.59,8.37573037701895,7.690939806170535,0.1755956521286524,0.1585285691219135,8.7443,8.0557,0.8904,0.7372,0.0058,10,1,12.114341602205034
2026-09-28 10:01:16.809999943+00:00,9.864036256998135,0.1514530797969024,2.0,0.0487142857142857,74.79,9.112933697850682,8.37573037701895,0.1813937261480084,0.1755956521286524,9.4885,8.7609,0.937,0.7511,-0.0299,10,1,12.864093847897086
2026-09-28 10:01:31.809999943+00:00,10.602591744648691,0.1818724994081959,2.0,0.0484527972027971,74.49,9.864036256998135,9.112933697850682,0.1514530797969024,0.1813937261480084,10.2333,9.4888,0.9594,0.7386,0.0304,10,1,13.579588389563057
2026-09-28 10:01:46.809999943+00:00,11.354041683331111,0.1992138167802612,2.0,0.0480317164179104,74.5,10.602591744648691,9.864036256998135,0.1818724994081959,0.1514530797969024,10.9783,10.2334,0.9633,0.7514,0.0173,10,1,14.197476004265909
2026-09-28 10:02:01.809999943+00:00,12.114341602205034,0.1829820233453458,2.0,0.0445312499999999,79.18,11.354041683331111,10.602591744648691,0.1992138167802612,0.1818724994081959,11.7342,10.9838,0.9686,0.7603,-0.0162,10,2,14.736280589451225
2026-09-28 10:02:16.809999943+00:00,12.864093847897086,0.1995023248059354,2.0,0.0456432038834951,79.12,12.114341602205034,11.354041683331111,0.1829820233453458,0.1992138167802612,12.4892,11.7338,0.974,0.7498,0.0165,10,2,15.22222222222222
2026-09-28 10:02:31.809999943+00:00,13.579588389563057,0.1920299969086006,2.0,0.0444126506024096,79.08,12.864093847897086,12.114341602205034,0.1995023248059354,0.1829820233453458,13.2218,12.478,0.9588,0.7155,-0.0075,10,2,15.736130867709814
2026-09-28 10:02:46.809999943+00:00,14.197476004265909,0.2386742301831241,2.0,0.0426232394366197,79.09,13.579588389563057,12.864093847897086,0.1920299969086006,0.1995023248059354,13.8885,13.1889,0.9,0.6179,0.0466,10,2,16.239392189096723
2026-09-28 10:03:01.809999943+00:00,14.736280589451225,0.2251905572534622,2.0,0.0363377192982455,79.31,14.197476004265909,13.579588389563057,0.2386742301831241,0.1920299969086006,14.4669,13.8444,0.8065,0.5388,-0.0135,10,3,16.755555555555553
2026-09-28 10:03:16.809999943+00:00,15.22222222222222,0.2357411410875011,2.0,0.0448341836734693,83.56,14.736280589451225,14.197476004265909,0.2251905572534622,0.2386742301831241,14.9793,14.4339,0.7068,0.4859,0.0106,10,3,17.242145491712215
2026-09-28 10:03:31.809999943+00:00,15.736130867709814,0.2839539284658993,3.0,0.0447549019607843,114.08,15.22222222222222,14.736280589451225,0.2357411410875011,0.2251905572534622,15.4792,14.973,0.6588,0.5139,0.0482,10,3,17.07197794869515
2026-09-28 10:03:46.809999943+00:00,16.239392189096723,0.2925086099782627,3.0,0.0469066455696202,113.67,15.736130867709814,15.22222222222222,0.2839539284658993,0.2357411410875011,15.9878,15.4835,0.6485,0.5033,0.0086,10,3,15.463917525773196
2026-09-28 10:04:01.809999943+00:00,16.755555555555553,0.2957347315046993,3.0,0.0440248226950354,113.59,16.239392189096723,15.736130867709814,0.2925086099782627,0.2839539284658993,16.4975,15.9883,0.6588,0.5162,0.0032,10,4,12.446103924967774
2026-09-28 10:04:16.809999943+00:00,17.242145491712215,0.2761607702727076,3.0,0.0452108433734939,112.91,16.755555555555553,16.239392189096723,0.2957347315046993,0.2925086099782627,16.9989,16.4933,0.65,0.4866,-0.0196,10,4,8.70898224878363
2026-09-28 10:04:31.809999943+00:00,17.07197794869515,0.2098555622299691,3.0,0.0423043478260869,113.62,17.242145491712215,16.755555555555553,0.2761607702727076,0.2957347315046993,17.1571,16.8273,0.4407,-0.1702,-0.0663,10,4,4.578591749644381
2026-09-28 10:04:46.809999943+00:00,15.463917525773196,0.2217734705949919,3.0,0.0414516129032258,113.14,17.07197794869515,17.242145491712215,0.2098555622299691,0.2761607702727076,16.2679,16.6334,0.8053,-1.6081,0.0119,10,4,1.6887387787752195
2026-09-28 10:05:01.809999943+00:00,12.446103924967774,0.1540390943224048,3.0,0.0387096774193548,113.34,15.463917525773196,17.07197794869515,0.2217734705949919,0.2098555622299691,13.955,15.556,2.2227,-3.0178,-0.0677,10,5,0.0222276556491586
2026-09-28 10:05:16.809999943+00:00,8.70898224878363,0.1242869984115209,3.0,0.0410975609756097,113.33,12.446103924967774,15.463917525773196,0.1540390943224048,0.2217734705949919,10.5775,13.4227,3.6813,-3.7371,-0.0298,10,5,0.0
2026-09-28 10:05:31.809999943+00:00,4.578591749644381,0.0554735342539535,3.0,0.0439772727272726,113.31,8.70898224878363,12.446103924967774,0.1242869984115209,0.1540390943224048,6.6438,10.2994,4.7095,-4.1304,-0.0688,10,5,0.0
2026-09-28 10:05:46.809999943+00:00,1.6887387787752195,0.0136754284229737,3.0,0.0619999999999999,113.54,4.578591749644381,8.70898224878363,0.0554735342539535,0.1242869984115209,3.1337,6.8556,4.7106,-2.8899,-0.0418,10,5,0.0
2026-09-28 10:06:01.809999943+00:00,0.0222276556491586,0.0044634502163189,3.0,0.02425,113.18,1.6887387787752195,4.578591749644381,0.0136754284229737,0.0554735342539535,0.8555,3.7496,3.8045,-1.6665,-0.0092,10,6,0.0
2026-09-28 10:06:16.809999943+00:00,0.0,0.004685017187478,3.0,0.02425,112.94,0.0222276556491586,1.6887387787752195,0.0044634502163189,0.0136754284229737,0.0111,1.5724,2.1545,-0.0222,0.0002,10,6,0.0
2026-09-28 10:06:31.809999943+00:00,0.0,0.0052722381120236,3.0,0.02425,113.42,0.0,0.0222276556491586,0.004685017187478,0.0044634502163189,0.0,0.4277,0.8407,0.0,0.0006,10,6,0.0
2026-09-28 10:06:46.809999943+00:00,0.0,0.0047503326811756,3.0,0.02425,80.51,0.0,0.0,0.0052722381120236,0.004685017187478,0.0,0.0056,0.0111,0.0,-0.0005,10,6,0.0
2026-09-28 10:07:01.809999943+00:00,0.0,0.0039683447024854,2.0,0.02425,80.76,0.0,0.0,0.0047503326811756,0.0052722381120236,0.0,0.0,0.0,0.0,-0.0008,10,7,0.0
2026-09-28 10:07:16.809999943+00:00,0.0,0.0027287406147673,2.0,0.02425,41.51,0.0,0.0,0.0039683447024854,0.0047503326811756,0.0,0.0,0.0,0.0,-0.0012,10,7,0.0
2026-09-28 10:07:31.809999943+00:00,0.0,0.0023598712632914,1.0,0.02425,41.26,0.0,0.0,0.0027287406147673,0.0039683447024854,0.0,0.0,0.0,0.0,-0.0004,10,7,0.0
2026-09-28 10:07:46.809999943+00:00,0.0,0.0017731005290919,1.0,0.02425,41.25,0.0,0.0,0.0023598712632914,0.0027287406147673,0.0,0.0,0.0,0.0,-0.0006,10,7,0.0
2026-09-28 10:08:01.809999943+00:00,0.0,0.0018380848707838,1.0,0.02425,41.5,0.0,0.0,0.0017731005290919,0.0023598712632914,0.0,0.0,0.0,0.0,0.0001,10,8,0.0
2026-09-28 10:08:16.809999943+00:00,0.0,0.0017837325521284,1.0,0.02425,41.5,0.0,0.0,0.0018380848707838,0.0017731005290919,0.0,0.0,0.0,0.0,-0.0001,10,8,0.0
2026-09-28 10:08:31.809999943+00:00,0.0,0.0017465625633754,1.0,0.02425,41.5,0.0,0.0,0.0017837325521284,0.0018380848707838,0.0,0.0,0.0,0.0,-0.0,10,8,0.0
2026-09-28 10:08:46.809999943+00:00,0.0,0.001604405325305,1.0,0.02425,41.25,0.0,0.0,0.0017465625633754,0.0017837325521284,0.0,0.0,0.0,0.0,-0.0001,10,8,0.0
2026-09-28 10:09:01.809999943+00:00,0.0,0.0015814547796652,1.0,0.02425,41.49,0.0,0.0,0.001604405325305,0.0017465625633754,0.0,0.0,0.0,0.0,-0.0,10,9,0.0
2026-09-28 10:09:16.809999943+00:00,0.0,0.0015348437737901,1.0,0.02425,41.25,0.0,0.0,0.0015814547796652,0.001604405325305,0.0,0.0,0.0,0.0,-0.0,10,9,0.0
2026-09-28 10:09:31.809999943+00:00,0.0,0.001580936077826,1.0,0.02425,41.5,0.0,0.0,0.0015348437737901,0.0015814547796652,0.0,0.0,0.0,0.0,0.0,10,9,0.0
2026-09-28 10:09:46.809999943+00:00,0.0,0.0017373118882287,1.0,0.02425,41.49,0.0,0.0,0.001580936077826,0.0015348437737901,0.0,0.0,0.0,0.0,0.0002,10,9,0.0
2026-09-28 10:10:01.809999943+00:00,0.0,0.0016870599768199,1.0,0.02425,41.49,0.0,0.0,0.0017373118882287,0.001580936077826,0.0,0.0,0.0,0.0,-0.0001,10,10,0.0
2026-09-28 10:10:16.809999943+00:00,0.0,0.0016203668106515,1.0,0.02425,41.01,0.0,0.0,0.0016870599768199,0.0017373118882287,0.0,0.0,0.0,0.0,-0.0001,10,10,0.0
2026-09-28 10:10:31.809999943+00:00,0.0,0.0016102247300423,1.0,0.02425,41.5,0.0,0.0,0.0016203668106515,0.0016870599768199,0.0,0.0,0.0,0.0,-0.0,10,10,0.0
2026-09-28 10:10:46.809999943+00:00,0.0,0.0016263295969516,1.0,0.02425,41.25,0.0,0.0,0.0016102247300423,0.0016203668106515,0.0,0.0,0.0,0.0,0.0,10,10,0.0
2026-09-28 10:11:01.809999943+00:00,0.0,0.001777766179538,1.0,0.02425,41.5,0.0,0.0,0.0016263295969516,0.0016102247300423,0.0,0.0,0.0,0.0,0.0002,10,11,0.0
2026-09-28 10:11:16.809999943+00:00,0.0,0.0019674534487249,1.0,0.02425,41.25,0.0,0.0,0.001777766179538,0.0016263295969516,0.0,0.0,0.0,0.0,0.0002,10,11,0.0
2026-09-28 10:11:31.809999943+00:00,0.0,0.0019159078107453,1.0,0.02425,41.5,0.0,0.0,0.0019674534487249,0.001777766179538,0.0,0.0,0.0,0.0,-0.0001,10,11,0.0
2026-09-28 10:11:46.809999943+00:00,0.0,0.0017689383402907,1.0,0.02425,41.5,0.0,0.0,0.0019159078107453,0.0019674534487249,0.0,0.0,0.0,0.0,-0.0001,10,11,0.0
2026-09-28 10:12:01.809999943+00:00,0.0,0.0017482433025934,1.0,0.02425,41.5,0.0,0.0,0.0017689383402907,0.0019159078107453,0.0,0.0,0.0,0.0,-0.0,10,12,0.0
2026-09-28 10:12:16.809999943+00:00,0.0,0.001939174760624,1.0,0.02425,41.5,0.0,0.0,0.0017482433025934,0.0017689383402907,0.0,0.0,0.0,0.0,0.0002,10,12,0.0
2026-09-28 10:12:31.809999943+00:00,0.0,0.0018755842171471,1.0,0.02425,41.51,0.0,0.0,0.001939174760624,0.0017482433025934,0.0,0.0,0.0,0.0,-0.0001,10,12,0.0
2026-09-28 10:12:46.809999943+00:00,0.0,0.0017221135449979,1.0,0.02425,41.51,0.0,0.0,0.0018755842171471,0.001939174760624,0.0,0.0,0.0,0.0,-0.0002,10,12,0.0
2026-09-28 10:13:01.809999943+00:00,0.0,0.0016629415091729,1.0,0.02425,41.5,0.0,0.0,0.0017221135449979,0.0018755842171471,0.0,0.0,0.0,0.0,-0.0001,10,13,0.0
2026-09-28 10:13:16.809999943+00:00,0.0,0.0017136271509774,1.0,0.02425,41.25,0.0,0.0,0.0016629415091729,0.0017221135449979,0.0,0.0,0.0,0.0,0.0001,10,13,0.0
2026-09-28 10:13:31.809999943+00:00,0.0,0.0016072434344145,1.0,0.02425,41.51,0.0,0.0,0.0017136271509774,0.0016629415091729,0.0,0.0,0.0,0.0,-0.0001,10,13,0.0
2026-09-28 10:13:46.809999943+00:00,0.0,0.0015634285714263,1.0,0.02425,41.5,0.0,0.0,0.0016072434344145,0.0017136271509774,0.0,0.0,0.0,0.0,-0.0,10,13,0.0
2026-09-28 10:14:01.809999943+00:00,0.0,0.0016195771554041,1.0,0.02425,41.5,0.0,0.0,0.0015634285714263,0.0016072434344145,0.0,0.0,0.0,0.0,0.0001,10,14,0.0
2026-09-28 10:14:16.809999943+00:00,0.0,0.0017480332967343,1.0,0.02425,41.5,0.0,0.0,0.0016195771554041,0.0015634285714263,0.0,0.0,0.0,0.0,0.0001,10,14,0.0
2026-09-28 10:14:31.809999943+00:00,0.0,0.0017454446928111,1.0,0.02425,41.5,0.0,0.0,0.0017480332967343,0.0016195771554041,0.0,0.0,0.0,0.0,-0.0,10,14,0.0
2026-09-28 10:14:46.809999943+00:00,0.0,0.0018806660850474,1.0,0.02425,41.5,0.0,0.0,0.0017454446928111,0.0017480332967343,0.0,0.0,0.0,0.0,0.0001,10,14,0.0
2026-09-28 10:15:01.809999943+00:00,0.0,0.0018166536677554,1.0,0.02425,41.5,0.0,0.0,0.0018806660850474,0.0017454446928111,0.0,0.0,0.0,0.0,-0.0001,10,15,0.0
2026-09-28 10:15:16.809999943+00:00,0.0,0.0017175986842141,1.0,0.02425,41.5,0.0,0.0,0.0018166536677554,0.0018806660850474,0.0,0.0,0.0,0.0,-0.0001,10,15,0.0
2026-09-28 10:15:31.809999943+00:00,0.0,0.0018181917948496,1.0,0.02425,41.5,0.0,0.0,0.0017175986842141,0.0018166536677554,0.0,0.0,0.0,0.0,0.0001,10,15,0.0
2026-09-28 10:15:46.809999943+00:00,0.0,0.0017019368177737,1.0,0.02425,41.5,0.0,0.0,0.0018181917948496,0.0017175986842141,0.0,0.0,0.0,0.0,-0.0001,10,15,0.0
2026-09-28 10:16:01.809999943+00:00,0.0,0.0019083266255235,1.0,0.02425,41.5,0.0,0.0,0.0017019368177737,0.0018181917948496,0.0,0.0,0.0,0.0,0.0002,10,16,0.0
2026-09-28 10:16:16.809999943+00:00,0.0,0.0016392729802629,1.0,0.02425,41.51,0.0,0.0,0.0019083266255235,0.0017019368177737,0.0,0.0,0.0,0.0,-0.0003,10,16,0.0
2026-09-28 10:16:31.809999943+00:00,0.0,0.0015296773721051,1.0,0.02425,41.5,0.0,0.0,0.0016392729802629,0.0019083266255235,0.0,0.0,0.0,0.0,-0.0001,10,16,0.0
2026-09-28 10:16:46.809999943+00:00,0.0,0.0018278706954682,1.0,0.02425,41.5,0.0,0.0,0.0015296773721051,0.0016392729802629,0.0,0.0,0.0,0.0,0.0003,10,16,0.0
2026-09-28 10:17:01.809999943+00:00,0.0,0.0019350431282286,1.0,0.02425,41.5,0.0,0.0,0.0018278706954682,0.0015296773721051,0.0,0.0,0.0,0.0,0.0001,10,17,0.0
2026-09-28 10:17:16.809999943+00:00,0.0,0.001556787882233,1.0,0.02425,41.01,0.0,0.0,0.0019350431282286,0.0018278706954682,0.0,0.0,0.0,0.0,-0.0004,10,17,0.0
2026-09-28 10:17:31.809999943+00:00,0.0,0.0014667915634253,1.0,0.02425,41.26,0.0,0.0,0.001556787882233,0.0019350431282286,0.0,0.0,0.0,0.0,-0.0001,10,17,0.0
2026-09-28 10:17:46.809999943+00:00,0.0,0.0016876011560701,1.0,0.02425,41.5,0.0,0.0,0.0014667915634253,0.001556787882233,0.0,0.0,0.0,0.0,0.0002,10,17,0.0
2026-09-28 10:18:01.809999943+00:00,0.0,0.0016195557181456,1.0,0.02425,41.25,0.0,0.0,0.0016876011560701,0.0014667915634253,0.0,0.0,0.0,0.0,-0.0001,10,18,0.0
2026-09-28 10:18:16.809999943+00:00,0.0,0.0016051883506851,1.0,0.02425,41.26,0.0,0.0,0.0016195557181456,0.0016876011560701,0.0,0.0,0.0,0.0,-0.0,10,18,0.0
2026-09-28 10:18:31.809999943+00:00,0.0,0.0015618573542657,1.0,0.02425,41.5,0.0,0.0,0.0016051883506851,0.0016195557181456,0.0,0.0,0.0,0.0,-0.0,10,18,0.0
2026-09-28 10:18:46.809999943+00:00,0.0,0.001679267061034,1.0,0.02425,41.26,0.0,0.0,0.0015618573542657,0.0016051883506851,0.0,0.0,0.0,0.0,0.0001,10,18,0.0
2026-09-28 10:19:01.809999943+00:00,0.0,0.0016214146060942,1.0,0.02425,41.5,0.0,0.0,0.001679267061034,0.0015618573542657,0.0,0.0,0.0,0.0,-0.0001,10,19,0.0
2026-09-28 10:19:16.809999943+00:00,0.0,0.0016172378857849,1.0,0.02425,41.5,0.0,0.0,0.0016214146060942,0.001679267061034,0.0,0.0,0.0,0.0,-0.0,10,19,0.0
2026-09-28 10:19:31.809999943+00:00,0.0,0.0015051806924359,1.0,0.02425,41.26,0.0,0.0,0.0016172378857849,0.0016214146060942,0.0,0.0,0.0,0.0,-0.0001,10,19,0.0
2026-09-28 10:19:46.809999943+00:00,0.0,0.0015942928556601,1.0,0.02425,41.51,0.0,0.0,0.0015051806924359,0.0016172378857849,0.0,0.0,0.0,0.0,0.0001,10,19,0.0
2026-09-28 10:20:01.809999943+00:00,0.0,0.0017412048476316,1.0,0.02425,41.5,0.0,0.0,0.0015942928556601,0.0015051806924359,0.0,0.0,0.0,0.0,0.0001,10,20,0.0
2026-09-28 10:20:16.809999943+00:00,0.0,0.0018242733465417,1.0,0.02425,41.5,0.0,0.0,0.0017412048476316,0.0015942928556601,0.0,0.0,0.0,0.0,0.0001,10,20,0.0
2026-09-28 10:20:31.809999943+00:00,0.0,0.0018694734338286,1.0,0.02425,41.51,0.0,0.0,0.0018242733465417,0.0017412048476316,0.0,0.0,0.0,0.0,0.0,10,20,0.0
2026-09-28 10:20:46.809999943+00:00,0.0,0.0015637915403137,1.0,0.02425,41.5,0.0,0.0,0.0018694734338286,0.0018242733465417,0.0,0.0,0.0,0.0,-0.0003,10,20,0.0
2026-09-28 10:21:01.809999943+00:00,0.0,0.0015017117581126,1.0,0.02425,41.5,0.0,0.0,0.0015637915403137,0.0018694734338286,0.0,0.0,0.0,0.0,-0.0001,10,21,0.0
2026-09-28 10:21:16.809999943+00:00,0.0,0.0015712292104753,1.0,0.02425,41.26,0.0,0.0,0.0015017117581126,0.0015637915403137,0.0,0.0,0.0,0.0,0.0001,10,21,0.0
2026-09-28 10:21:31.809999943+00:00,0.0,0.0016429195524819,1.0,0.02425,41.51,0.0,0.0,0.0015712292104753,0.0015017117581126,0.0,0.0,0.0,0.0,0.0001,10,21,0.0
2026-09-28 10:21:46.809999943+00:00,0.0,0.0017375498743859,1.0,0.02425,41.25,0.0,0.0,0.0016429195524819,0.0015712292104753,0.0,0.0,0.0,0.0,0.0001,10,21,0.0
2026-09-28 10:22:01.809999943+00:00,0.0,0.0016926771315208,1.0,0.02425,41.5,0.0,0.0,0.0017375498743859,0.0016429195524819,0.0,0.0,0.0,0.0,-0.0,10,22,0.0
2026-09-28 10:22:16.809999943+00:00,0.0,0.0017082523373128,1.0,0.02425,41.49,0.0,0.0,0.0016926771315208,0.0017375498743859,0.0,0.0,0.0,0.0,0.0,10,22,0.0
2026-09-28 10:22:31.809999943+00:00,0.0,0.0016935667920019,1.0,0.02425,41.26,0.0,0.0,0.0017082523373128,0.0016926771315208,0.0,0.0,0.0,0.0,-0.0,10,22,0.0
2026-09-28 10:22:46.809999943+00:00,0.0,0.0014939182796298,1.0,0.02425,41.26,0.0,0.0,0.0016935667920019,0.0017082523373128,0.0,0.0,0.0,0.0,-0.0002,10,22,0.0
2026-09-28 10:23:01.809999943+00:00,0.0,0.0017153872082189,1.0,0.02425,41.5,0.0,0.0,0.0014939182796298,0.0016935667920019,0.0,0.0,0.0,0.0,0.0002,10,23,0.0
2026-09-28 10:23:16.809999943+00:00,0.0,0.0015942548714725,1.0,0.02425,41.5,0.0,0.0,0.0017153872082189,0.0014939182796298,0.0,0.0,0.0,0.0,-0.0001,10,23,0.0
2026-09-28 10:23:31.809999943+00:00,0.0,0.0013306569819892,1.0,0.02425,41.25,0.0,0.0,0.0015942548714725,0.0017153872082189,0.0,0.0,0.0,0.0,-0.0003,10,23,0.0
2026-09-28 10:23:46.809999943+00:00,0.0,0.001651711809741,1.0,0.02425,41.25,0.0,0.0,0.0013306569819892,0.0015942548714725,0.0,0.0,0.0,0.0,0.0003,10,23,0.0
2026-09-28 10:24:01.809999943+00:00,0.0,0.001682362945969,1.0,0.02425,41.5,0.0,0.0,0.001651711809741,0.0013306569819892,0.0,0.0,0.0,0.0,0.0,10,24,0.0
2026-09-28 10:24:16.809999943+00:00,0.0,0.0017094672198321,1.0,0.02425,41.5,0.0,0.0,0.001682362945969,0.001651711809741,0.0,0.0,0.0,0.0,0.0,10,24,0.0
2026-09-28 10:24:31.809999943+00:00,0.0,0.0017264619958026,1.0,0.02425,41.5,0.0,0.0,0.0017094672198321,0.001682362945969,0.0,0.0,0.0,0.0,0.0,10,24,0.0
2026-09-28 10:24:46.809999943+00:00,0.0,0.0016897804693462,1.0,0.02425,41.26,0.0,0.0,0.0017264619958026,0.0017094672198321,0.0,0.0,0.0,0.0,-0.0,10,24,0.0
2026-09-28 10:25:01.809999943+00:00,0.0,0.0015930698114636,1.0,0.02425,41.5,0.0,0.0,0.0016897804693462,0.0017264619958026,0.0,0.0,0.0,0.0,-0.0001,10,25,0.0
2026-09-28 10:25:16.809999943+00:00,0.0,0.0016640887619389,1.0,0.02425,41.5,0.0,0.0,0.0015930698114636,0.0016897804693462,0.0,0.0,0.0,0.0,0.0001,10,25,0.0444395067214753
2026-09-28 10:25:31.809999943+00:00,0.0,0.0016033767890573,1.0,0.02425,41.25,0.0,0.0,0.0016640887619389,0.0015930698114636,0.0,0.0,0.0,0.0,-0.0001,10,25,0.0444474076049514
2026-09-28 10:25:46.809999943+00:00,0.0,0.0015124224184759,1.0,0.02425,41.25,0.0,0.0,0.0016033767890573,0.0016640887619389,0.0,0.0,0.0,0.0,-0.0001,10,25,0.0444395067214753
2026-09-28 10:26:01.809999943+00:00,0.0,0.0011717828273911,1.0,0.02425,41.25,0.0,0.0,0.0015124224184759,0.0016033767890573,0.0,0.0,0.0,0.0,-0.0003,10,26,0.0
2026-09-28 10:26:16.809999943+00:00,0.0444395067214753,0.001630013716274,1.0,0.0094999999999999,41.25,0.0,0.0,0.0011717828273911,0.0015124224184759,0.0222,0.0111,0.0222,0.0444,0.0005,10,26,0.0
2026-09-28 10:26:31.809999943+00:00,0.0444474076049514,0.0018830854731719,1.0,0.0095,41.01,0.0444395067214753,0.0,0.001630013716274,0.0011717828273911,0.0444,0.0222,0.0257,0.0,0.0003,10,26,0.0
