timestamp,request_rate,php_cpu_cores,php_memory_bytes,replicas,p95_latency_seconds
2026-09-28 09:22:36.923000097+00:00,0.0,0.0016175787661689232,43204608.0,1.0,
2026-09-28 09:22:51.923000097+00:00,0.0,0.0017026438710221361,43200512.0,1.0,
2026-09-28 09:23:06.923000097+00:00,0.0,0.0015508509498576154,43458560.0,1.0,
2026-09-28 09:23:21.923000097+00:00,0.0,0.0018164834919867782,43454464.0,1.0,
2026-09-28 09:23:36.923000097+00:00,0.0,0.0016283010262292089,43450368.0,1.0,
2026-09-28 09:23:51.923000097+00:00,0.0,0.0017930353740542246,43462656.0,1.0,
2026-09-28 09:24:06.923000097+00:00,0.0,0.0016303779531323009,43462656.0,1.0,
2026-09-28 09:24:21.923000097+00:00,0.0,0.0017629887127566328,43204608.0,1.0,
2026-09-28 09:24:36.923000097+00:00,0.0,0.0015829062836774978,43458560.0,1.0,
2026-09-28 09:24:51.923000097+00:00,0.0,0.0017240198418517802,43462656.0,1.0,
2026-09-28 09:25:06.923000097+00:00,0.0,0.0016558104935209751,43458560.0,1.0,
2026-09-28 09:25:21.923000097+00:00,0.0,0.001794323447639719,43458560.0,1.0,
2026-09-28 09:25:36.923000097+00:00,0.0,0.0016445690388121328,43450368.0,1.0,
2026-09-28 09:25:51.923000097+00:00,0.0,0.0015892255140545891,43454464.0,1.0,
2026-09-28 09:26:06.923000097+00:00,0.0,0.0014822729378065813,43454464.0,1.0,
2026-09-28 09:26:21.923000097+00:00,0.0,0.00145788684816825,43450368.0,1.0,
2026-09-28 09:26:36.923000097+00:00,0.0,0.0016577316683920483,43442176.0,1.0,
2026-09-28 09:26:51.923000097+00:00,0.0,0.0016458057956282087,43438080.0,1.0,
2026-09-28 09:27:06.923000097+00:00,0.0,0.0018392518835059083,43433984.0,1.0,
2026-09-28 09:27:21.923000097+00:00,0.0,0.0017422036990936442,43458560.0,1.0,
2026-09-28 09:27:36.923000097+00:00,0.02221925965426832,0.0019822692307623303,43454464.0,1.0,0.00975
2026-09-28 09:27:51.923000097+00:00,0.0222246916324036,0.0019306694667477842,43454464.0,1.0,0.00975
2026-09-28 09:28:06.923000097+00:00,0.02221679145097865,0.0017958340815228968,43200512.0,1.0,0.00975
2026-09-28 09:28:21.923000097+00:00,0.0,0.0015470764758328032,43458560.0,1.0,
2026-09-28 09:28:36.923000097+00:00,0.0,0.0014583432100324137,43458560.0,1.0,
2026-09-28 09:28:51.923000097+00:00,0.0,0.001581116790429828,43458560.0,1.0,
2026-09-28 09:29:06.923000097+00:00,0.0,0.0015960367239349314,43458560.0,1.0,
2026-09-28 09:29:21.923000097+00:00,0.0,0.0014822517274164257,43454464.0,1.0,
2026-09-28 09:29:36.923000097+00:00,0.0,0.0016952904341720105,43204608.0,1.0,
2026-09-28 09:29:51.923000097+00:00,0.0,0.0016954320160769455,43200512.0,1.0,
2026-09-28 09:30:06.923000097+00:00,0.0,0.0018989918433126103,43454464.0,1.0,
2026-09-28 09:30:21.923000097+00:00,0.0,0.0017421751968549513,43204608.0,1.0,
2026-09-28 09:30:36.923000097+00:00,0.0,0.0017340046444573368,43204608.0,1.0,
2026-09-28 09:30:51.923000097+00:00,0.0,0.0016692313509018557,43454464.0,1.0,
2026-09-28 09:31:06.923000097+00:00,0.0,0.0018249950169393037,43446272.0,1.0,
2026-09-28 09:31:21.923000097+00:00,0.0,0.0016771672287253668,42946560.0,1.0,
2026-09-28 09:31:36.923000097+00:00,0.0,0.0016385412942417194,42946560.0,1.0,
2026-09-28 09:31:51.923000097+00:00,0.0,0.0016191023709464136,43458560.0,1.0,
2026-09-28 09:32:06.923000097+00:00,0.0,0.001767984382619159,43458560.0,1.0,
2026-09-28 09:32:21.923000097+00:00,0.0,0.001580858509645975,43204608.0,1.0,
2026-09-28 09:32:36.923000097+00:00,0.0,0.001714149929745482,43462656.0,1.0,
2026-09-28 09:32:51.923000097+00:00,0.0,0.0016203918026217606,43462656.0,1.0,
2026-09-28 09:33:06.923000097+00:00,0.0,0.0017495715730943204,43454464.0,1.0,
2026-09-28 09:33:21.923000097+00:00,0.0,0.0014969708171540736,43196416.0,1.0,
2026-09-28 09:33:36.923000097+00:00,0.0,0.0016280287884880467,43454464.0,1.0,
2026-09-28 09:33:51.923000097+00:00,0.0,0.0016313824097947682,43204608.0,1.0,
2026-09-28 09:34:06.923000097+00:00,0.0,0.0016376930463332618,43458560.0,1.0,
2026-09-28 09:34:21.923000097+00:00,0.0,0.0013761013580883526,43458560.0,1.0,
2026-09-28 09:34:36.923000097+00:00,0.0,0.0015025866682511877,43462656.0,1.0,
2026-09-28 09:34:51.923000097+00:00,0.0,0.001793254893458685,43458560.0,1.0,
2026-09-28 09:35:06.923000097+00:00,0.0,0.0013819708447876694,43462656.0,1.0,
2026-09-28 09:35:21.923000097+00:00,0.0,0.0017768326128392727,43184128.0,1.0,
2026-09-28 09:35:36.923000097+00:00,0.0,0.001543267992226191,43462656.0,1.0,
2026-09-28 09:35:51.923000097+00:00,0.0,0.0016920103765820432,43450368.0,1.0,
2026-09-28 09:36:06.923000097+00:00,0.0,0.0016117185206902921,43450368.0,1.0,
2026-09-28 09:36:21.923000097+00:00,0.0,0.0016902642107902736,43442176.0,1.0,
2026-09-28 09:36:36.923000097+00:00,0.0,0.0017516691755943964,43188224.0,1.0,
2026-09-28 09:36:51.923000097+00:00,0.0,0.0016046257818077582,43446272.0,1.0,
2026-09-28 09:37:06.923000097+00:00,0.0,0.0015733207826287795,43442176.0,1.0,
2026-09-28 09:37:21.923000097+00:00,0.0,0.001495494665040325,43204608.0,1.0,
2026-09-28 09:37:36.923000097+00:00,0.0,0.0016426129800287564,43200512.0,1.0,
2026-09-28 09:37:51.923000097+00:00,0.0,0.0015774442411361298,43458560.0,1.0,
2026-09-28 09:38:06.923000097+00:00,0.0,0.0017374490073405302,43446272.0,1.0,
2026-09-28 09:38:21.923000097+00:00,0.0,0.0014379289126199661,43196416.0,1.0,
2026-09-28 09:38:36.923000097+00:00,0.0,0.0016343046094096962,43450368.0,1.0,
2026-09-28 09:38:51.923000097+00:00,0.0,0.0015153161484205092,43458560.0,1.0,
2026-09-28 09:39:06.923000097+00:00,0.0,0.0015886227661621075,43458560.0,1.0,
2026-09-28 09:39:21.923000097+00:00,0.0,0.0016909651570132524,43204608.0,1.0,
2026-09-28 09:39:36.923000097+00:00,0.0,0.001622497187855847,42946560.0,1.0,
2026-09-28 09:39:51.923000097+00:00,0.0,0.0015944940161525733,43204608.0,1.0,
2026-09-28 09:40:06.923000097+00:00,0.0,0.001601520824043861,43458560.0,1.0,
2026-09-28 09:40:21.923000097+00:00,0.0,0.001777181613359747,43462656.0,1.0,
2026-09-28 09:40:36.923000097+00:00,0.0,0.0016788248776865259,43462656.0,1.0,
2026-09-28 09:40:51.923000097+00:00,0.0,0.0016795206775387286,43462656.0,1.0,
2026-09-28 09:41:06.923000097+00:00,0.0,0.0014279774955477781,43204608.0,1.0,
2026-09-28 09:41:21.923000097+00:00,0.0,0.0014396471541178108,43204608.0,1.0,
2026-09-28 09:41:36.923000097+00:00,0.0,0.001531734587485219,43454464.0,1.0,
2026-09-28 09:41:51.923000097+00:00,0.0,0.0018265786314566263,43462656.0,1.0,
2026-09-28 09:42:06.923000097+00:00,0.0,0.0014050058512016927,43200512.0,1.0,
2026-09-28 09:42:21.923000097+00:00,0.0,0.0017298579090967454,43454464.0,1.0,
2026-09-28 09:42:36.923000097+00:00,0.0,0.0015563946645696738,43200512.0,1.0,
2026-09-28 09:42:51.923000097+00:00,0.0,0.0015066892906011025,43462656.0,1.0,
2026-09-28 09:43:06.923000097+00:00,0.0,0.0014798721238365347,43462656.0,1.0,
2026-09-28 09:43:21.923000097+00:00,0.0,0.0016048973143829724,43200512.0,1.0,
2026-09-28 09:43:36.923000097+00:00,0.8442943476715251,0.013754773234354417,43479040.0,1.0,0.04472222222222222
2026-09-28 09:43:51.923000097+00:00,1.8445674156054852,0.029526505018518973,43528192.0,1.0,0.043515625
2026-09-28 09:44:06.923000097+00:00,2.8442548274559476,0.04128393140485965,43528192.0,1.0,0.04757142857142856
2026-09-28 09:44:21.923000097+00:00,3.000533428165007,0.05271112755124037,43507712.0,1.0,0.04732142857142858
2026-09-28 09:44:36.923000097+00:00,2.9994667614646287,0.05489114005466567,43507712.0,1.0,0.047819767441860464
2026-09-28 09:44:51.923000097+00:00,3.000200013334223,0.04011105454699605,43499520.0,1.0,0.04517857142857143
2026-09-28 09:45:06.923000097+00:00,2.9992668458821177,0.05090543509580784,43249664.0,1.0,0.04902777777777778
2026-09-28 09:45:21.923000097+00:00,3.000533428165007,0.034281075000001236,43249664.0,1.0,0.04904891304347826
2026-09-28 09:45:36.923000097+00:00,3.2213631920376797,0.054330583801464466,43294720.0,1.0,0.04875000000000001
2026-09-28 09:45:51.923000097+00:00,4.04543332814688,0.053563944432079666,43294720.0,1.0,0.044709302325581395
2026-09-28 09:46:06.923000097+00:00,5.487791330622765,0.08001619044570786,43524096.0,1.0,0.048848039215686284
2026-09-28 09:46:21.923000097+00:00,7.313061260780653,0.10155714316043836,43433984.0,1.0,0.047850000000000004
2026-09-28 09:46:36.923000097+00:00,9.153318077803204,0.1289031894014294,49688576.0,1.0,0.0475
2026-09-28 09:46:51.923000097+00:00,10.979973772532285,0.1678584003149313,95641600.0,2.0,0.04509920634920635
2026-09-28 09:47:06.923000097+00:00,12.596640895761134,0.2103868711756698,93593600.0,2.0,0.04604707792207792
2026-09-28 09:47:21.923000097+00:00,13.603325257285114,0.233121990422386,93790208.0,2.0,0.0449236641221374
2026-09-28 09:47:36.923000097+00:00,13.99657861411655,0.2274216764569851,102760448.0,2.0,0.04571167883211679
2026-09-28 09:47:51.923000097+00:00,14.003734329154442,0.26610310730715425,142934016.0,3.0,0.04244505494505495
2026-09-28 09:48:06.923000097+00:00,13.99657861411655,0.2789250342645098,141332480.0,3.0,0.047313084112149545
2026-09-28 09:48:21.923000097+00:00,14.003423058969972,0.2669177675109187,141414400.0,3.0,0.04605978260869566
2026-09-28 09:48:36.923000097+00:00,13.99657861411655,0.22289120322970907,141631488.0,3.0,0.047210743801652896
2026-09-28 09:48:51.923000097+00:00,14.003423058969972,0.2328628946392026,141553664.0,3.0,0.0450503355704698
2026-09-28 09:49:06.923000097+00:00,13.33007487058719,0.25884698704358045,149954560.0,3.0,0.04881656804733728
2026-09-28 09:49:21.923000097+00:00,10.847095956789438,0.1992903766330052,149598208.0,3.0,0.04961290322580646
2026-09-28 09:49:36.923000097+00:00,7.19968001422159,0.1546964393146945,150003712.0,3.0,0.06705882352941175
2026-09-28 09:49:51.923000097+00:00,4.201026917690991,0.08808763988999758,149692416.0,3.0,0.04689338235294118
2026-09-28 09:50:06.923000097+00:00,3.0214836373330964,0.04430616324050885,149729280.0,3.0,0.04922413793103449
2026-09-28 09:50:21.923000097+00:00,3.0001333392595226,0.05567763740895799,149430272.0,3.0,0.04935661764705882
2026-09-28 09:50:36.923000097+00:00,3.2213631920376797,0.05880033902495507,149704704.0,3.0,0.04914772727272728
2026-09-28 09:50:51.923000097+00:00,4.04543332814688,0.0638831556748754,149610496.0,3.0,0.04614406779661017
2026-09-28 09:51:06.923000097+00:00,5.487913259864913,0.07451134005855346,98828288.0,3.0,0.04595703125
2026-09-28 09:51:21.923000097+00:00,7.313061260780653,0.09991422539336543,98471936.0,2.0,0.043183962264150944
2026-09-28 09:51:36.923000097+00:00,9.154741800728823,0.13163266036366764,98684928.0,2.0,0.04138888888888889
2026-09-28 09:51:51.923000097+00:00,10.97972972972973,0.14691967693000635,98885632.0,2.0,0.037649999999999975
2026-09-28 09:52:06.923000097+00:00,12.599440024887782,0.19711303358512094,98844672.0,2.0,0.0481688596491228
2026-09-28 09:52:21.923000097+00:00,13.601208996355231,0.18437659945163398,98910208.0,2.0,0.048393939393939385
2026-09-28 09:52:36.923000097+00:00,13.999066728884742,0.22216895959295882,98791424.0,2.0,0.04858374384236453
2026-09-28 09:52:51.923000097+00:00,14.000622249877772,0.21196529605252168,98410496.0,2.0,0.04587696335078534
2026-09-28 09:53:06.923000097+00:00,13.998133582189043,0.18762703263477845,98377728.0,2.0,0.04643749999999999
2026-09-28 09:53:21.923000097+00:00,14.000933395559708,0.21152693875381118,98623488.0,2.0,0.04573353293413173
2026-09-28 09:53:36.923000097+00:00,13.997822560934964,0.201680673164033,101072896.0,2.0,0.0454326923076923
2026-09-28 09:53:51.923000097+00:00,14.001866915588748,0.2015425394087084,101060608.0,2.0,0.043750000000000004
2026-09-28 09:54:06.923000097+00:00,13.331852016442616,0.2007816766084916,100687872.0,2.0,0.04709821428571429
2026-09-28 09:54:21.923000097+00:00,10.846131620474297,0.20732287992603846,100990976.0,2.0,0.04759740259740259
2026-09-28 09:54:36.923000097+00:00,7.199520031997867,0.14653142971039057,101150720.0,2.0,0.04990196078431371
2026-09-28 09:54:51.923000097+00:00,4.2004667185242806,0.08504002231485203,100855808.0,2.0,0.04450581395348838
2026-09-28 09:55:06.923000097+00:00,3.0220879072041242,0.047621900912281655,101265408.0,2.0,0.047551020408163266
2026-09-28 09:55:21.923000097+00:00,3.000200013334223,0.05049153527139613,101257216.0,2.0,0.04811507936507937
2026-09-28 09:55:36.923000097+00:00,2.1331437205581723,0.04418038648593248,101228544.0,2.0,0.048627450980392145
2026-09-28 09:55:51.923000097+00:00,1.1333837059424863,0.031925405452081584,100696064.0,2.0,0.048125
2026-09-28 09:56:06.923000097+00:00,0.13332740767077017,0.01668624128826553,101031936.0,2.0,0.0485
2026-09-28 09:56:21.923000097+00:00,0.0,0.003483842505786267,101023744.0,2.0,
2026-09-28 09:56:36.923000097+00:00,0.0,0.0033045072379168225,101019648.0,2.0,
2026-09-28 09:56:51.923000097+00:00,0.0,0.002789478844422156,43266048.0,1.0,
2026-09-28 09:57:06.923000097+00:00,0.0,0.003759949653226602,43249664.0,1.0,
2026-09-28 09:57:21.923000097+00:00,0.9778212364994,0.004118311441142926,43249664.0,1.0,0.04388888888888889
2026-09-28 09:57:36.923000097+00:00,1.9772944391371,0.031009098568226274,43413504.0,1.0,0.046026785714285715
2026-09-28 09:57:51.923000097+00:00,2.9783734524682717,0.030888685067260488,43413504.0,1.0,0.04547297297297298
2026-09-28 09:58:06.923000097+00:00,2.9996000533262235,0.042523628057397095,43384832.0,1.0,0.04836309523809523
2026-09-28 09:58:21.923000097+00:00,3.089644135233057,0.05208870197260902,43376640.0,1.0,0.04783088235294117
2026-09-28 09:58:36.923000097+00:00,3.399697804639587,0.04988444962405455,43372544.0,1.0,0.04821078431372548
2026-09-28 09:58:51.923000097+00:00,3.911632662132729,0.050911169551948555,43372544.0,1.0,0.045599999999999995
2026-09-28 09:59:06.923000097+00:00,4.554948229125006,0.0703811399073977,43307008.0,1.0,0.048749999999999995
2026-09-28 09:59:21.923000097+00:00,5.178238065605831,0.08581484344800155,43515904.0,1.0,0.047886363636363644
2026-09-28 09:59:36.923000097+00:00,5.798453745667823,0.07961718902650847,43499520.0,1.0,0.04756048387096772
2026-09-28 09:59:51.923000097+00:00,6.423078632706583,0.10037103955476501,43474944.0,1.0,0.04426587301587301
2026-09-28 10:00:06.923000097+00:00,7.04303583727699,0.12287598944591914,43470848.0,1.0,0.08134615384615371
2026-09-28 10:00:21.923000097+00:00,7.690939806170535,0.13624275580395628,45883392.0,2.0,0.07576923076923067
2026-09-28 10:00:36.923000097+00:00,8.37573037701895,0.19069204946415935,79740928.0,2.0,0.06980769230769208
2026-09-28 10:00:51.923000097+00:00,9.112933697850682,0.1802779056612387,77955072.0,2.0,0.04589999999999999
2026-09-28 10:01:06.923000097+00:00,9.864036256998135,0.178942918053062,78204928.0,2.0,0.0487142857142857
2026-09-28 10:01:21.923000097+00:00,10.602591744648691,0.1792168294872777,78176256.0,2.0,0.04845279720279719
2026-09-28 10:01:36.923000097+00:00,11.354041683331113,0.18965352069670435,78110720.0,2.0,0.048031716417910444
2026-09-28 10:01:51.923000097+00:00,12.114341602205034,0.19742441778440442,78041088.0,2.0,0.04453124999999999
2026-09-28 10:02:06.923000097+00:00,12.864093847897088,0.18821237334199142,83025920.0,2.0,0.04564320388349513
2026-09-28 10:02:21.923000097+00:00,13.579588389563055,0.21709932665203924,82964480.0,2.0,0.04441265060240963
2026-09-28 10:02:36.923000097+00:00,14.197476004265909,0.19802964990723343,82923520.0,2.0,0.042623239436619706
2026-09-28 10:02:51.923000097+00:00,14.736280589451225,0.21800283381790375,82935808.0,2.0,0.03633771929824559
2026-09-28 10:03:06.923000097+00:00,15.222222222222223,0.2238789052223494,83165184.0,2.0,0.0448341836734694
2026-09-28 10:03:21.923000097+00:00,15.736130867709814,0.23440451388257516,87535616.0,3.0,0.044754901960784306
2026-09-28 10:03:36.923000097+00:00,16.239392189096723,0.3041777829520405,119623680.0,3.0,0.04690664556962026
2026-09-28 10:03:51.923000097+00:00,16.755555555555556,0.2916766756526992,119173120.0,3.0,0.04402482269503545
2026-09-28 10:04:06.923000097+00:00,17.24214549171222,0.29936130640951547,118849536.0,3.0,0.04521084337349399
2026-09-28 10:04:21.923000097+00:00,17.07197794869515,0.2655817167308488,118915072.0,3.0,0.04230434782608696
2026-09-28 10:04:36.923000097+00:00,15.463917525773196,0.2469674264181269,118620160.0,3.0,0.04145161290322581
2026-09-28 10:04:51.923000097+00:00,12.446103924967774,0.20758425836536448,118894592.0,3.0,0.03870967741935483
2026-09-28 10:05:06.923000097+00:00,8.70898224878363,0.15386420059617995,118837248.0,3.0,0.04109756097560975
2026-09-28 10:05:21.923000097+00:00,4.578591749644381,0.08531216953116648,118816768.0,3.0,0.043977272727272684
2026-09-28 10:05:36.923000097+00:00,1.6887387787752197,0.04433689414302196,118812672.0,3.0,0.06199999999999993
2026-09-28 10:05:51.923000097+00:00,0.022227655649158684,0.010729797195459396,118771712.0,3.0,0.02425
2026-09-28 10:06:06.923000097+00:00,0.0,0.0048548895913374124,118411264.0,3.0,
2026-09-28 10:06:21.923000097+00:00,0.0,0.005260339780040602,118677504.0,3.0,
2026-09-28 10:06:36.923000097+00:00,0.0,0.005121259419638401,119185408.0,3.0,
2026-09-28 10:06:51.923000097+00:00,0.0,0.004339072716667511,84684800.0,2.0,
2026-09-28 10:07:06.923000097+00:00,0.0,0.0038582493337539344,84684800.0,2.0,
2026-09-28 10:07:21.923000097+00:00,0.0,0.002640820699987321,43261952.0,1.0,
2026-09-28 10:07:36.923000097+00:00,0.0,0.0014213396424620182,43261952.0,1.0,
2026-09-28 10:07:51.923000097+00:00,0.0,0.0017892522963291009,43253760.0,1.0,
2026-09-28 10:08:06.923000097+00:00,0.0,0.0019188386487998972,43520000.0,1.0,
2026-09-28 10:08:21.923000097+00:00,0.0,0.0017210575085458205,43520000.0,1.0,
2026-09-28 10:08:36.923000097+00:00,0.0,0.0017465625633754458,43515904.0,1.0,
2026-09-28 10:08:51.923000097+00:00,0.0,0.0016044053253050188,43249664.0,1.0,
2026-09-28 10:09:06.923000097+00:00,0.0,0.0015814547796652364,43507712.0,1.0,
2026-09-28 10:09:21.923000097+00:00,0.0,0.0015348437737901313,43249664.0,1.0,
2026-09-28 10:09:36.923000097+00:00,0.0,0.001580936077826007,43511808.0,1.0,
2026-09-28 10:09:51.923000097+00:00,0.0,0.0017373118882287768,43507712.0,1.0,
2026-09-28 10:10:06.923000097+00:00,0.0,0.0016870599768199547,43507712.0,1.0,
2026-09-28 10:10:21.923000097+00:00,0.0,0.0016203668106515691,43003904.0,1.0,
2026-09-28 10:10:36.923000097+00:00,0.0,0.0016102247300423269,43515904.0,1.0,
2026-09-28 10:10:51.923000097+00:00,0.0,0.0016916629497504543,43515904.0,1.0,
2026-09-28 10:11:06.923000097+00:00,0.0,0.0019388445458007144,43257856.0,1.0,
2026-09-28 10:11:21.923000097+00:00,0.0,0.0016496769258650909,43257856.0,1.0,
2026-09-28 10:11:36.923000097+00:00,0.0,0.0018020466029324048,43515904.0,1.0,
2026-09-28 10:11:51.923000097+00:00,0.0,0.0017482433025934007,43520000.0,1.0,
2026-09-28 10:12:06.923000097+00:00,0.0,0.0019391747606240844,43520000.0,1.0,
2026-09-28 10:12:21.923000097+00:00,0.0,0.0017743086059636402,43524096.0,1.0,
2026-09-28 10:12:36.923000097+00:00,0.0,0.0013659612705553413,43524096.0,1.0,
2026-09-28 10:12:51.923000097+00:00,0.0,0.0015702662260681354,43524096.0,1.0,
2026-09-28 10:13:06.923000097+00:00,0.0,0.0018130836190965302,43520000.0,1.0,
2026-09-28 10:13:21.923000097+00:00,0.0,0.001657619183200481,43257856.0,1.0,
2026-09-28 10:13:36.923000097+00:00,0.0,0.0016480630903878393,43520000.0,1.0,
2026-09-28 10:13:51.923000097+00:00,0.0,0.0013061055999981645,43520000.0,1.0,
2026-09-28 10:14:06.923000097+00:00,0.0,0.001619577155404104,43511808.0,1.0,
2026-09-28 10:14:21.923000097+00:00,0.0,0.0017581216512026986,43511808.0,1.0,
2026-09-28 10:14:36.923000097+00:00,0.0,0.0014724795233588932,43266048.0,1.0,
2026-09-28 10:14:51.923000097+00:00,0.0,0.0018806660850474311,43520000.0,1.0,
2026-09-28 10:15:06.923000097+00:00,0.0,0.001816653667755441,43520000.0,1.0,
2026-09-28 10:15:21.923000097+00:00,0.0,0.0017706494991396634,43515904.0,1.0,
2026-09-28 10:15:36.923000097+00:00,0.0,0.001675118895715664,43511808.0,1.0,
2026-09-28 10:15:51.923000097+00:00,0.0,0.0017660126947445566,43515904.0,1.0,
2026-09-28 10:16:06.923000097+00:00,0.0,0.0017869270126361651,43266048.0,1.0,
2026-09-28 10:16:21.923000097+00:00,0.0,0.0016392729802629019,43524096.0,1.0,
2026-09-28 10:16:36.923000097+00:00,0.0,0.0018267046170105379,43520000.0,1.0,
2026-09-28 10:16:51.923000097+00:00,0.0,0.0019350431282286807,43515904.0,1.0,
2026-09-28 10:17:06.923000097+00:00,0.0,0.001827819392426461,43003904.0,1.0,
2026-09-28 10:17:21.923000097+00:00,0.0,0.0015954305799638782,43261952.0,1.0,
2026-09-28 10:17:36.923000097+00:00,0.0,0.001466791563425323,43261952.0,1.0,
2026-09-28 10:17:51.923000097+00:00,0.0,0.0016876011560701943,43520000.0,1.0,
2026-09-28 10:18:06.923000097+00:00,0.0,0.0015901585105488271,43257856.0,1.0,
2026-09-28 10:18:21.923000097+00:00,0.0,0.0015574764321892101,43261952.0,1.0,
2026-09-28 10:18:36.923000097+00:00,0.0,0.0015618573542657834,43515904.0,1.0,
2026-09-28 10:18:51.923000097+00:00,0.0,0.001679267061034015,43266048.0,1.0,
2026-09-28 10:19:06.923000097+00:00,0.0,0.0016214146060942432,43520000.0,1.0,
2026-09-28 10:19:21.923000097+00:00,0.0,0.0016172378857849954,43520000.0,1.0,
2026-09-28 10:19:36.923000097+00:00,0.0,0.0015051806924359888,43261952.0,1.0,
2026-09-28 10:19:51.923000097+00:00,0.0,0.0015942928556601757,43524096.0,1.0,
2026-09-28 10:20:06.923000097+00:00,0.0,0.0017412048476316507,43515904.0,1.0,
2026-09-28 10:20:21.923000097+00:00,0.0,0.0018002870849570113,43524096.0,1.0,
2026-09-28 10:20:36.923000097+00:00,0.0,0.0017123644514421006,43520000.0,1.0,
2026-09-28 10:20:51.923000097+00:00,0.0,0.0015815989899428927,43515904.0,1.0,
2026-09-28 10:21:06.923000097+00:00,0.0,0.0015017117581126599,43515904.0,1.0,
2026-09-28 10:21:21.923000097+00:00,0.0,0.0016429195524819522,43524096.0,1.0,
2026-09-28 10:21:36.923000097+00:00,0.0,0.001401118596090731,43524096.0,1.0,
2026-09-28 10:21:51.923000097+00:00,0.0,0.001378840685694159,43511808.0,1.0,
2026-09-28 10:22:06.923000097+00:00,0.0,0.0016874616029063812,43503616.0,1.0,
2026-09-28 10:22:21.923000097+00:00,0.0,0.001383573484591898,43261952.0,1.0,
2026-09-28 10:22:36.923000097+00:00,0.0,0.00169356679200199,43266048.0,1.0,
